epoch,time,train/box_loss,train/cls_loss,train/dfl_loss,metrics/precision(B),metrics/recall(B),metrics/mAP50(B),metrics/mAP50-95(B),val/box_loss,val/cls_loss,val/dfl_loss,lr/pg0,lr/pg1,lr/pg2
1,11.6298,2.58344,28.697,1.23403,0.59211,0.15909,0.09063,0.02646,2.53111,281.784,1.10306,0.00021671,0.00021671,0.00021671
2,19.8739,2.23832,10.2178,1.16632,0.01723,0.03803,0.00549,0.00114,nan,nan,nan,0.000447119,0.000447119,0.000447119
3,28.2359,2.55767,2.94442,1.24463,0,0,0,0,nan,nan,nan,0.000674448,0.000674448,0.000674448
4,36.1191,2.55737,1.96134,1.24062,0,0,0,0,nan,nan,nan,0.000898696,0.000898696,0.000898696
5,43.9458,2.61558,1.8794,1.25903,0,0,0,0,nan,nan,nan,0.00111986,0.00111986,0.00111986
6,51.8538,2.52791,1.81964,1.21134,0,0,0,0,0.00022,212.688,0.00082,0.00133795,0.00133795,0.00133795
7,59.8207,2.83164,1.76524,1.27773,0.00037,0.02041,6e-05,1e-05,1.87274,192.767,1.20094,0.00155296,0.00155296,0.00155296
8,68.0211,2.20443,1.49998,1.06888,0,0,0,0,nan,nan,nan,0.00158998,0.00158998,0.00158998
9,76.0706,2.61246,1.63055,1.12694,0.00506,0.0051,0.00025,9e-05,nan,nan,nan,0.00157898,0.00157898,0.00157898
10,84.2875,2.4617,1.44787,1.12393,0.06251,0.04314,0.01193,0.00526,3.05106,inf,54.4269,0.00156798,0.00156798,0.00156798
11,92.3603,2.26773,1.53311,1.17771,2e-05,0.02273,0,0,1.71007,inf,18.2049,0.00155698,0.00155698,0.00155698
12,100.537,2.4497,1.47061,1.13252,0.05466,0.02551,0.006,0.00177,nan,nan,nan,0.00154598,0.00154598,0.00154598
13,108.504,2.46996,1.55743,1.20204,0.13828,0.06122,0.02671,0.0083,nan,nan,nan,0.00153497,0.00153497,0.00153497
14,116.406,2.0875,1.26429,1.04657,0.55362,0.02041,0.00539,0.002,nan,nan,nan,0.00152397,0.00152397,0.00152397
15,124.474,2.09454,1.34874,1.0541,0.05557,0.04314,0.00409,0.00115,nan,nan,nan,0.00151297,0.00151297,0.00151297
16,132.288,2.08719,1.25106,1.02126,0.10646,0.02551,0.01708,0.00562,nan,nan,nan,0.00150197,0.00150197,0.00150197
17,140.284,2.24546,1.43602,1.12623,0.42083,0.4397,0.38606,0.21287,2.39695,2.18941,1.06174,0.00149096,0.00149096,0.00149096
18,148.736,2.24937,1.28948,1.11842,0.4166,0.38636,0.4086,0.23304,2.1635,1.85754,1.05922,0.00147996,0.00147996,0.00147996
19,157.013,2.21305,1.29817,1.09755,0.6368,0.60616,0.57193,0.24891,2.40964,1.34237,1.0344,0.00146896,0.00146896,0.00146896
20,165.458,2.29211,1.33583,1.17229,0.6963,0.70114,0.71187,0.31049,2.19534,1.22412,1.01266,0.00145796,0.00145796,0.00145796
21,173.875,2.30397,1.28146,1.05899,0.65694,0.54765,0.5667,0.2809,2.33878,1.31009,1.0201,0.00144696,0.00144696,0.00144696
22,181.871,2.2216,1.26987,1.0945,0.59002,0.54917,0.54492,0.24819,2.44254,1.47457,1.03288,0.00143595,0.00143595,0.00143595
23,189.765,2.15714,1.26401,1.08237,0.77498,0.70098,0.71259,0.33113,2.07478,1.11923,0.99399,0.00142495,0.00142495,0.00142495
24,198.056,2.3786,1.16234,1.04604,0.75028,0.70501,0.72918,0.3287,2.13161,1.04619,1.00084,0.00141395,0.00141395,0.00141395
25,205.879,2.01852,1.12562,1.002,0.64258,0.6025,0.60225,0.30553,2.17265,1.46332,0.99625,0.00140295,0.00140295,0.00140295
26,213.784,2.08264,1.21077,1.06999,0.61875,0.73899,0.70147,0.33124,2.1496,1.17743,0.9848,0.00139195,0.00139195,0.00139195
27,222.146,2.22471,1.22804,1.07865,0.55113,0.51855,0.52457,0.24828,2.35695,1.60011,1.0087,0.00138094,0.00138094,0.00138094
28,230.152,2.03905,1.0972,1.09871,0.76247,0.65569,0.70627,0.328,2.14744,1.12711,0.96457,0.00136994,0.00136994,0.00136994
29,238.153,2.15979,1.17316,1.08174,0.78546,0.62848,0.72576,0.33795,1.99512,1.11577,0.99226,0.00135894,0.00135894,0.00135894
30,246.595,2.14334,1.15925,1.05955,0.69314,0.64031,0.62842,0.31075,2.19841,1.27399,1.02048,0.00134794,0.00134794,0.00134794
31,254.593,2.19488,1.22574,1.05854,0.61974,0.64086,0.61244,0.30411,2.1888,1.08297,1.00369,0.00133693,0.00133693,0.00133693
32,262.554,2.17452,1.16476,1.03716,0.59617,0.57978,0.62071,0.31826,2.10788,1.33726,0.99171,0.00132593,0.00132593,0.00132593
33,270.586,2.01206,1.11014,1.09847,0.40838,0.75936,0.37004,0.13113,2.02608,inf,1.22337,0.00131493,0.00131493,0.00131493
34,278.566,1.80589,0.95566,0.95124,0.77923,0.48469,0.53644,0.25588,2.2188,1.60092,1.08275,0.00130393,0.00130393,0.00130393
35,286.542,2.10031,1.08626,1.02356,0.75467,0.76097,0.75505,0.39162,1.89136,1.01713,0.96124,0.00129293,0.00129293,0.00129293
36,295.07,1.90345,0.99815,1.03414,0.71925,0.74814,0.75878,0.37974,1.9599,1.0266,0.97277,0.00128192,0.00128192,0.00128192
37,303.141,2.00286,1.03875,0.97734,0.64181,0.65631,0.68964,0.33516,2.07533,1.23575,1.00187,0.00127092,0.00127092,0.00127092
38,311.082,1.93144,0.96582,0.97592,0.76327,0.67683,0.66572,0.29787,2.15858,1.06298,1.04324,0.00125992,0.00125992,0.00125992
39,319.069,1.90455,1.00897,0.96277,0.78136,0.76299,0.76909,0.35285,1.98401,1.03909,0.99115,0.00124892,0.00124892,0.00124892
40,327.056,1.81655,0.95246,0.92355,0.82077,0.72263,0.76183,0.37858,1.99333,1.00854,0.99328,0.00123791,0.00123791,0.00123791
41,334.833,1.80322,0.88674,0.9577,0.7691,0.68802,0.72338,0.33291,2.05972,1.11081,1.01777,0.00122691,0.00122691,0.00122691
42,342.814,1.99315,1.04379,1.04686,0.77453,0.56494,0.61689,0.30515,2.16226,1.3402,1.02779,0.00121591,0.00121591,0.00121591
43,350.692,1.85751,0.94538,0.96802,0.81557,0.6744,0.72746,0.37362,2.01954,1.0899,0.97566,0.00120491,0.00120491,0.00120491
44,358.685,1.99314,1.01009,1.05661,0.8774,0.72366,0.80854,0.38554,2.04056,1.0283,0.98023,0.00119391,0.00119391,0.00119391
45,366.559,2.07486,1.04785,1.1163,0.75234,0.67161,0.70725,0.36329,2.07415,1.04967,0.97864,0.0011829,0.0011829,0.0011829
46,374.528,1.80592,0.87398,0.98536,0.79759,0.79362,0.78677,0.39523,1.90576,0.90107,0.97857,0.0011719,0.0011719,0.0011719
47,382.893,1.93865,0.98739,1.03642,0.82784,0.81688,0.81209,0.3753,1.95364,0.9539,0.98353,0.0011609,0.0011609,0.0011609
48,390.846,1.95363,0.95882,0.98255,0.75479,0.76341,0.81402,0.37809,2.03906,0.98761,0.96536,0.0011499,0.0011499,0.0011499
49,398.811,2.04641,0.99248,1.02735,0.77991,0.7834,0.7974,0.39891,1.93656,0.99844,0.98,0.00113889,0.00113889,0.00113889
50,407.306,1.95953,0.99359,0.9872,0.81765,0.77597,0.80502,0.41744,1.87178,0.90035,0.9575,0.00112789,0.00112789,0.00112789
51,415.822,2.02437,0.92986,0.98834,0.80492,0.82154,0.81515,0.4091,1.85764,0.88018,0.94842,0.00111689,0.00111689,0.00111689
52,423.834,1.79731,0.91415,1.01313,0.88014,0.76681,0.80985,0.40131,1.89895,0.9182,0.95977,0.00110589,0.00110589,0.00110589
53,431.845,1.83123,0.90478,0.95368,0.80928,0.75375,0.75266,0.39694,1.88542,0.90637,0.95639,0.00109489,0.00109489,0.00109489
54,439.867,2.06027,0.98479,1.00625,0.73681,0.72774,0.71632,0.38414,1.94608,1.07737,0.96558,0.00108388,0.00108388,0.00108388
55,448.119,1.74638,0.92463,0.94454,0.82922,0.78603,0.81005,0.42653,1.81345,0.94066,0.96788,0.00107288,0.00107288,0.00107288
56,456.57,1.92728,0.99229,1.03207,0.82844,0.8269,0.81405,0.39968,1.92067,0.94364,0.95839,0.00106188,0.00106188,0.00106188
57,464.594,1.85499,0.88441,0.97388,0.73528,0.75788,0.75296,0.37847,2.04895,1.02682,0.98535,0.00105088,0.00105088,0.00105088
58,472.576,1.739,0.87862,0.98237,0.85313,0.7834,0.82122,0.41183,1.89894,0.92149,0.96833,0.00103987,0.00103987,0.00103987
59,480.597,1.84429,0.89021,0.96746,0.86649,0.75532,0.79917,0.39969,1.96923,0.90479,0.96541,0.00102887,0.00102887,0.00102887
60,488.607,1.72732,0.8614,0.9451,0.90139,0.78029,0.85142,0.43619,1.86132,0.90193,0.95526,0.00101787,0.00101787,0.00101787
61,497.095,1.86086,0.93515,1.07928,0.85841,0.8162,0.83586,0.4117,1.89906,0.86642,0.98133,0.00100687,0.00100687,0.00100687
62,505.058,1.80319,0.8722,0.94471,0.83251,0.78632,0.79151,0.41096,1.98946,0.87997,0.98316,0.000995866,0.000995866,0.000995866
63,513.036,2.00542,0.98204,0.99164,0.8255,0.82776,0.80591,0.39313,1.97489,0.94529,0.98082,0.000984864,0.000984864,0.000984864
64,521.056,1.89966,0.86563,0.93996,0.79511,0.77718,0.76416,0.36628,2.07045,0.96454,0.99328,0.000973861,0.000973861,0.000973861
65,529.054,1.93132,0.91693,0.968,0.83612,0.82063,0.83773,0.41868,1.86393,0.93809,0.9624,0.000962859,0.000962859,0.000962859
66,537.004,1.68699,0.79924,0.89068,0.82198,0.81599,0.82885,0.41498,1.78306,0.8541,0.95772,0.000951857,0.000951857,0.000951857
67,544.988,1.89186,0.8382,0.99338,0.84066,0.70061,0.76498,0.36851,1.86249,1.12983,0.93594,0.000940855,0.000940855,0.000940855
68,552.972,1.71683,0.82631,0.92522,0.82021,0.81679,0.7923,0.41373,1.80126,0.86749,0.94483,0.000929853,0.000929853,0.000929853
69,561.005,1.76007,0.89382,0.95539,0.83518,0.80891,0.78654,0.39665,1.88243,0.90893,0.9642,0.00091885,0.00091885,0.00091885
70,568.962,1.95923,0.90016,0.95593,0.77012,0.59833,0.64537,0.33576,1.97767,1.22524,1.01057,0.000907848,0.000907848,0.000907848
71,576.933,1.97191,0.93178,1.02073,0.74585,0.59926,0.56545,0.25089,2.27937,1.12706,1.10286,0.000896846,0.000896846,0.000896846
72,584.91,1.81022,0.9037,0.99541,0.77251,0.81163,0.77495,0.37319,1.94449,0.95599,0.98277,0.000885844,0.000885844,0.000885844
73,592.908,1.86702,0.96363,0.98966,0.79244,0.85073,0.8152,0.40246,1.91974,0.8636,0.9911,0.000874842,0.000874842,0.000874842
74,600.917,1.78869,0.85084,0.96392,0.81782,0.79158,0.78591,0.39708,1.90511,0.96361,0.96834,0.000863839,0.000863839,0.000863839
75,608.938,1.84733,0.81638,0.96405,0.83135,0.75325,0.77751,0.39082,1.87992,0.82945,0.96606,0.000852837,0.000852837,0.000852837
76,616.952,1.76188,0.83091,1.02265,0.86571,0.77338,0.80058,0.38512,1.94418,0.85897,0.98285,0.000841835,0.000841835,0.000841835
77,624.982,1.8061,0.83755,0.94736,0.79941,0.75603,0.76393,0.35292,2.04454,0.89721,0.99625,0.000830833,0.000830833,0.000830833
78,633,1.79899,0.91507,0.90229,0.7966,0.78221,0.78347,0.39555,1.91319,1.03011,0.99937,0.000819831,0.000819831,0.000819831
79,641.011,1.91902,0.9066,0.9596,0.83612,0.74892,0.77204,0.39241,1.97748,0.95132,0.9874,0.000808828,0.000808828,0.000808828
80,649.059,1.66123,0.82017,0.94184,0.86469,0.80979,0.83001,0.43243,1.84763,0.84598,0.97559,0.000797826,0.000797826,0.000797826
81,657.113,1.67785,0.8115,0.92793,0.83853,0.82415,0.80242,0.39827,1.859,0.85959,0.98775,0.000786824,0.000786824,0.000786824
82,665.105,1.63509,0.80891,1.01611,0.87885,0.85993,0.84507,0.42996,1.76544,0.84562,0.96555,0.000775822,0.000775822,0.000775822
83,673.146,1.68885,0.83613,0.92668,0.86795,0.84462,0.85394,0.42413,1.81956,0.8374,0.97266,0.00076482,0.00076482,0.00076482
84,681.164,1.75863,0.81307,0.97026,0.71691,0.77829,0.72657,0.35153,2.10467,0.9797,1.00111,0.000753817,0.000753817,0.000753817
85,689.887,1.94161,0.90134,1.00388,0.80828,0.8349,0.83499,0.42168,1.84256,0.83926,0.98466,0.000742815,0.000742815,0.000742815
86,697.858,1.59725,0.76648,0.86172,0.84716,0.76089,0.80349,0.42332,1.84928,0.84982,0.98163,0.000731813,0.000731813,0.000731813
87,705.835,1.63158,0.73658,0.92465,0.83626,0.79174,0.77649,0.38917,1.9506,0.89953,0.99817,0.000720811,0.000720811,0.000720811
88,713.81,1.61037,0.75212,0.89635,0.84241,0.74536,0.79539,0.39235,1.86812,0.96285,0.99118,0.000709809,0.000709809,0.000709809
89,721.807,1.59392,0.7265,0.95668,0.82358,0.80781,0.83275,0.40189,1.88683,0.82736,0.9967,0.000698806,0.000698806,0.000698806
90,729.817,1.67125,0.73562,0.9398,0.80788,0.81169,0.79208,0.42692,1.82196,0.84106,0.97904,0.000687804,0.000687804,0.000687804
91,737.79,1.59942,0.74669,0.92474,0.82909,0.78645,0.81874,0.45367,1.81266,1.09796,0.95217,0.000676802,0.000676802,0.000676802
92,746.268,1.74412,0.87582,0.95494,0.86715,0.74814,0.79774,0.41099,1.83665,2.88627,0.94508,0.0006658,0.0006658,0.0006658
93,754.292,1.62872,0.7287,0.90557,0.78672,0.78248,0.81115,0.42231,1.83568,0.89664,0.94332,0.000654798,0.000654798,0.000654798
94,762.335,1.85576,0.8243,0.9617,0.83522,0.76764,0.75041,0.37451,1.96419,0.86814,1.05724,0.000643795,0.000643795,0.000643795
95,770.291,1.51807,0.72279,0.85065,0.84042,0.83952,0.84584,0.4339,1.80423,0.84658,0.98317,0.000632793,0.000632793,0.000632793
96,778.276,1.64981,0.74393,0.90803,0.8497,0.79128,0.82484,0.39988,1.95551,0.92507,1.01685,0.000621791,0.000621791,0.000621791
97,786.291,1.79083,0.7837,1.16667,0.85145,0.84462,0.86898,0.43451,1.80986,0.8191,0.98496,0.000610789,0.000610789,0.000610789
98,794.334,1.65245,0.74981,0.92255,0.81609,0.81773,0.81553,0.38235,1.9685,0.92162,0.97583,0.000599787,0.000599787,0.000599787
99,802.361,1.5686,0.74303,0.97977,0.85408,0.79956,0.82165,0.40988,1.86851,0.83053,0.9766,0.000588784,0.000588784,0.000588784
100,810.439,1.75392,0.82979,0.99703,0.81004,0.81401,0.80863,0.41065,1.94145,0.8525,0.98112,0.000577782,0.000577782,0.000577782
101,818.439,1.57532,0.75255,0.94591,0.7887,0.8423,0.81006,0.40732,1.96387,0.89368,0.98702,0.00056678,0.00056678,0.00056678
102,826.473,1.62316,0.76373,0.89715,0.86003,0.8423,0.8268,0.42423,1.83215,0.80209,0.9635,0.000555778,0.000555778,0.000555778
103,834.488,1.70093,0.75817,0.92014,0.82411,0.8525,0.80594,0.41338,1.94373,0.81769,0.98554,0.000544776,0.000544776,0.000544776
104,842.551,1.63374,0.71171,0.92619,0.83251,0.86781,0.82301,0.4329,1.78486,0.76932,0.96761,0.000533773,0.000533773,0.000533773
105,850.579,1.62916,0.71127,0.91851,0.81804,0.82116,0.79204,0.39836,1.88152,0.79265,1.01275,0.000522771,0.000522771,0.000522771
106,858.57,1.63257,0.72719,0.87165,0.85287,0.82083,0.80573,0.39939,1.8619,0.7933,1.01953,0.000511769,0.000511769,0.000511769
107,866.549,1.63485,0.72531,0.90923,0.83148,0.85482,0.85424,0.43171,1.87624,0.85405,0.98932,0.000500767,0.000500767,0.000500767
108,874.491,1.48076,0.67616,0.86186,0.83143,0.82691,0.78419,0.41124,1.7871,0.85954,0.96255,0.000489765,0.000489765,0.000489765
109,882.491,1.50831,0.69847,1.04427,0.89657,0.82267,0.84391,0.43127,1.80291,0.81571,0.9698,0.000478762,0.000478762,0.000478762
110,890.487,1.59338,0.71114,0.91703,0.83547,0.8076,0.81705,0.42601,1.8243,0.85644,0.9547,0.00046776,0.00046776,0.00046776
111,898.493,1.57079,0.72422,0.89468,0.90348,0.80019,0.82811,0.40993,1.81234,0.82806,0.96695,0.000456758,0.000456758,0.000456758
112,906.506,1.37858,0.65345,0.81507,0.818,0.88312,0.84324,0.41532,1.82358,0.79159,0.98107,0.000445756,0.000445756,0.000445756
113,914.506,1.64439,0.72537,0.90401,0.83736,0.85993,0.88396,0.43738,1.79731,0.80379,0.96873,0.000434754,0.000434754,0.000434754
114,922.499,1.41499,0.65653,0.8133,0.80399,0.8423,0.83821,0.40705,1.8251,0.84008,0.98596,0.000423751,0.000423751,0.000423751
115,930.495,1.57662,0.71974,0.91881,0.86438,0.83644,0.84054,0.41944,1.8214,0.87158,1.00126,0.000412749,0.000412749,0.000412749
116,938.585,1.64428,0.72846,0.92514,0.83918,0.8321,0.82657,0.43437,1.82173,0.80914,0.97672,0.000401747,0.000401747,0.000401747
117,946.636,1.60857,0.67326,0.89755,0.80942,0.85116,0.83889,0.4367,1.84194,0.84334,0.96552,0.000390745,0.000390745,0.000390745
118,954.635,1.46557,0.66055,0.84438,0.89435,0.84972,0.87055,0.44119,1.76957,0.85501,0.96211,0.000379743,0.000379743,0.000379743
119,962.666,1.57866,0.78296,0.90007,0.89427,0.82246,0.84862,0.43789,1.77478,0.81523,0.9661,0.00036874,0.00036874,0.00036874
120,970.724,1.53489,0.69909,0.91883,0.81631,0.8474,0.83206,0.43647,1.79082,0.80123,0.96546,0.000357738,0.000357738,0.000357738
121,978.753,1.41303,0.65415,0.89398,0.80893,0.82189,0.83046,0.42835,1.83674,0.84944,0.96853,0.000346736,0.000346736,0.000346736
122,986.824,1.41763,0.659,0.83125,0.84615,0.82603,0.8273,0.43051,1.81612,0.81122,0.97131,0.000335734,0.000335734,0.000335734
123,994.864,1.38661,0.62815,0.83026,0.87105,0.8462,0.83981,0.43079,1.81607,0.80882,0.9867,0.000324732,0.000324732,0.000324732
124,1002.9,1.31854,0.62879,0.81539,0.84147,0.82189,0.8074,0.41449,1.827,0.81912,0.97807,0.000313729,0.000313729,0.000313729
125,1010.93,1.43038,0.69793,0.87613,0.88479,0.87644,0.87301,0.43966,1.80029,0.80262,0.9754,0.000302727,0.000302727,0.000302727
126,1018.96,1.46449,0.66925,0.84012,0.8444,0.8372,0.82584,0.44058,1.83365,0.78983,0.9768,0.000291725,0.000291725,0.000291725
127,1026.99,1.47697,0.68959,0.90996,0.87683,0.88379,0.89363,0.45714,1.75586,0.75843,0.95514,0.000280723,0.000280723,0.000280723
128,1035.55,1.62454,0.68582,0.86905,0.88352,0.85068,0.88787,0.46382,1.73517,0.76384,0.94838,0.000269721,0.000269721,0.000269721
129,1044.23,1.31696,0.64732,0.87635,0.80602,0.8321,0.84137,0.4495,1.77897,0.78264,0.96179,0.000258718,0.000258718,0.000258718
130,1052.31,1.44585,0.68026,0.87943,0.84264,0.83225,0.85145,0.45479,1.70293,0.74203,0.95174,0.000247716,0.000247716,0.000247716
131,1060.33,1.57619,0.63498,0.88112,0.83531,0.8372,0.84992,0.44003,1.78386,0.75789,0.9834,0.000236714,0.000236714,0.000236714
132,1068.35,1.39918,0.63227,0.88444,0.84447,0.85791,0.85717,0.45377,1.72833,0.73305,0.97449,0.000225712,0.000225712,0.000225712
133,1076.34,1.42087,0.6327,0.8742,0.85479,0.86783,0.84759,0.45873,1.73988,0.76542,0.96549,0.00021471,0.00021471,0.00021471
134,1084.34,1.30279,0.59164,0.76552,0.82383,0.8474,0.82944,0.44863,1.80038,0.806,0.96511,0.000203707,0.000203707,0.000203707
135,1092.36,1.44784,0.63142,0.87734,0.84925,0.86684,0.86356,0.44783,1.76135,0.78865,0.96828,0.000192705,0.000192705,0.000192705
136,1100.42,1.34836,0.60234,0.87321,0.87583,0.8525,0.8509,0.44689,1.75213,0.76984,0.96095,0.000181703,0.000181703,0.000181703
137,1108.43,1.52962,0.63684,0.85963,0.85622,0.8474,0.85552,0.45734,1.70515,0.7509,0.96708,0.000170701,0.000170701,0.000170701
138,1116.52,1.31192,0.59931,0.83623,0.87914,0.8423,0.85003,0.45269,1.76856,0.74725,0.97527,0.000159699,0.000159699,0.000159699
139,1124.62,1.43034,0.68476,0.81525,0.8479,0.85054,0.84784,0.45989,1.71507,0.73979,0.96355,0.000148696,0.000148696,0.000148696
140,1132.68,1.35204,0.59438,0.86591,0.8494,0.86247,0.85573,0.45801,1.74407,0.75077,0.96787,0.000137694,0.000137694,0.000137694
141,1142.05,1.42081,0.65444,0.91148,0.83734,0.8766,0.84488,0.43034,1.78217,0.7612,0.97603,0.000126692,0.000126692,0.000126692
142,1150.2,1.34143,0.57754,0.86989,0.86614,0.872,0.85037,0.44496,1.74471,0.73153,0.98719,0.00011569,0.00011569,0.00011569
143,1158.24,1.38715,0.63738,0.88668,0.89741,0.86746,0.85345,0.45012,1.75476,0.72347,0.98175,0.000104688,0.000104688,0.000104688
144,1166.29,1.34497,0.63351,0.81791,0.86344,0.86589,0.84575,0.45331,1.7654,0.72156,0.98119,9.36854e-05,9.36854e-05,9.36854e-05
145,1174.3,1.61931,1.04571,1.03244,0.88219,0.85068,0.84969,0.44741,1.76669,0.72832,0.97276,8.26832e-05,8.26832e-05,8.26832e-05
146,1182.29,1.28675,0.57467,0.87311,0.88091,0.8423,0.84334,0.46188,1.73024,0.73136,0.96984,7.1681e-05,7.1681e-05,7.1681e-05
147,1190.35,1.29736,0.61084,0.85119,0.87448,0.8471,0.84331,0.45906,1.7172,0.73275,0.96491,6.06788e-05,6.06788e-05,6.06788e-05
148,1198.36,1.33239,0.58721,0.86245,0.85336,0.8423,0.83332,0.45094,1.73818,0.72523,0.96273,4.96766e-05,4.96766e-05,4.96766e-05
149,1206.37,1.41436,0.63101,0.89524,0.87671,0.86503,0.85995,0.45642,1.74064,0.73335,0.96392,3.86744e-05,3.86744e-05,3.86744e-05
150,1214.36,1.41146,0.60819,0.88176,0.85878,0.84915,0.84866,0.46405,1.72854,0.73256,0.96543,2.76722e-05,2.76722e-05,2.76722e-05
